id,k,z,stop_loss_pct,net_profit,final_equity,cagr_pct,max_dd_pct,sortino,total_trades,active_combos,skipped_trades,stop_loss_hits
k1_0_z0_10_stop10,1.0,0.1,10.0,10976.05,20976.05,7.69,7.07,2.02,12600,110,26,775
k1_0_z0_15_stop10,1.0,0.15,10.0,11486.73,21486.73,7.95,6.99,2.13,10934,96,26,775
k1_0_z0_20_stop10,1.0,0.2,10.0,11825.17,21825.17,8.12,7.18,2.16,9823,87,26,775
k1_0_z0_25_stop10,1.0,0.25,10.0,12435.7,22435.7,8.42,6.99,2.28,7970,73,30,775
k1_0_z0_30_stop10,1.0,0.3,10.0,13176.75,23176.75,8.77,6.8,2.46,6174,60,28,775
k1_0_z0_35_stop10,1.0,0.35,10.0,13417.77,23417.77,8.88,6.54,2.5,5503,55,27,775
k1_0_z0_40_stop10,1.0,0.4,10.0,13598.47,23598.47,8.97,6.45,2.53,5149,52,28,775
k1_5_z0_10_stop10,1.5,0.1,10.0,12488.51,22488.51,8.44,7.06,2.45,12599,110,27,775
k1_5_z0_15_stop10,1.5,0.15,10.0,13252.08,23252.08,8.81,7.56,2.58,10935,96,25,775
k1_5_z0_20_stop10,1.5,0.2,10.0,13896.24,23896.24,9.1,7.65,2.65,9816,87,33,775
k1_5_z0_25_stop10,1.5,0.25,10.0,15121.59,25121.59,9.65,6.77,2.89,7964,73,36,775
k1_5_z0_30_stop10,1.5,0.3,10.0,15775.14,25775.14,9.93,6.61,3.08,6171,60,31,775
k1_5_z0_35_stop10,1.5,0.35,10.0,15764.49,25764.49,9.93,6.11,3.05,5499,55,31,775
k1_5_z0_40_stop10,1.5,0.4,10.0,16495.89,26495.89,10.24,6.21,3.21,5147,52,30,775
k2_0_z0_10_stop10,2.0,0.1,10.0,14081.64,24081.64,9.19,8.05,2.77,12587,110,39,775
k2_0_z0_15_stop10,2.0,0.15,10.0,14958.69,24958.69,9.58,8.15,2.87,10911,96,49,775
k2_0_z0_20_stop10,2.0,0.2,10.0,15856.53,25856.53,9.97,8.51,2.93,9793,87,56,775
k2_0_z0_25_stop10,2.0,0.25,10.0,16814.57,26814.57,10.37,7.91,3.1,7955,73,45,775
k2_0_z0_30_stop10,2.0,0.3,10.0,18351.95,28351.95,10.99,7.44,3.5,6137,60,65,775
k2_0_z0_35_stop10,2.0,0.35,10.0,18915.17,28915.17,11.2,7.03,3.57,5470,55,60,775
k2_0_z0_40_stop10,2.0,0.4,10.0,19383.44,29383.44,11.38,6.69,3.65,5124,52,53,775
k2_5_z0_10_stop10,2.5,0.1,10.0,15345.81,25345.81,9.75,8.57,2.84,12374,110,252,775
k2_5_z0_15_stop10,2.5,0.15,10.0,16130.82,26130.82,10.08,8.3,2.92,10602,96,358,775
k2_5_z0_20_stop10,2.5,0.2,10.0,17293.28,27293.28,10.56,8.47,3.0,9483,87,366,775
k2_5_z0_25_stop10,2.5,0.25,10.0,18596.94,28596.94,11.08,7.89,3.14,7733,73,267,775
k2_5_z0_30_stop10,2.5,0.3,10.0,20039.15,30039.15,11.63,7.53,3.5,5876,60,326,775
k2_5_z0_35_stop10,2.5,0.35,10.0,20867.7,30867.7,11.93,6.82,3.59,5224,55,306,775
k2_5_z0_40_stop10,2.5,0.4,10.0,20657.21,30657.21,11.86,7.15,3.54,4892,52,285,775
k3_0_z0_10_stop10,3.0,0.1,10.0,16792.62,26792.62,10.36,10.24,3.04,11830,110,796,775
k3_0_z0_15_stop10,3.0,0.15,10.0,17822.82,27822.82,10.78,9.14,3.08,10030,96,930,775
k3_0_z0_20_stop10,3.0,0.2,10.0,18897.69,28897.69,11.2,8.39,3.07,8920,87,929,775
k3_0_z0_25_stop10,3.0,0.25,10.0,20896.89,30896.89,11.94,8.19,3.18,7301,73,699,775
k3_0_z0_30_stop10,3.0,0.3,10.0,22357.61,32357.61,12.46,7.34,3.52,5468,60,734,775
k3_0_z0_35_stop10,3.0,0.35,10.0,22443.0,32443.0,12.49,6.63,3.47,4801,55,729,775
k3_0_z0_40_stop10,3.0,0.4,10.0,23217.99,33217.99,12.76,6.72,3.62,4463,52,714,775
k3_5_z0_10_stop10,3.5,0.1,10.0,18251.27,28251.27,10.95,10.83,3.1,11090,110,1536,775
k3_5_z0_15_stop10,3.5,0.15,10.0,19086.95,29086.95,11.27,9.54,3.04,9282,96,1678,775
k3_5_z0_20_stop10,3.5,0.2,10.0,20844.59,30844.59,11.92,8.14,3.17,8317,87,1532,775
k3_5_z0_25_stop10,3.5,0.25,10.0,21811.51,31811.51,12.27,8.09,3.01,6777,73,1223,775
k3_5_z0_30_stop10,3.5,0.3,10.0,23445.39,33445.39,12.83,7.13,3.4,5051,60,1151,775
k3_5_z0_35_stop10,3.5,0.35,10.0,23028.13,33028.13,12.69,7.24,3.23,4417,55,1113,775
k3_5_z0_40_stop10,3.5,0.4,10.0,24111.37,34111.37,13.06,7.2,3.38,4129,52,1048,775
k4_0_z0_10_stop10,4.0,0.1,10.0,19248.7,29248.7,11.33,11.13,3.08,10259,110,2367,775
k4_0_z0_15_stop10,4.0,0.15,10.0,20575.21,30575.21,11.83,7.37,3.15,8538,96,2422,775
k4_0_z0_20_stop10,4.0,0.2,10.0,21233.18,31233.18,12.06,8.39,2.97,7561,87,2288,775
k4_0_z0_25_stop10,4.0,0.25,10.0,23455.76,33455.76,12.84,8.24,2.99,6252,73,1748,775
k4_0_z0_30_stop10,4.0,0.3,10.0,24443.07,34443.07,13.17,7.07,3.25,4638,60,1564,775
k4_0_z0_35_stop10,4.0,0.35,10.0,25383.92,35383.92,13.47,6.74,3.3,4085,55,1445,775
k4_0_z0_40_stop10,4.0,0.4,10.0,26469.84,36469.84,13.82,7.56,3.41,3826,52,1351,775
k4_5_z0_10_stop10,4.5,0.1,10.0,19370.6,29370.6,11.38,11.61,2.95,9540,110,3086,775
k4_5_z0_15_stop10,4.5,0.15,10.0,20808.67,30808.67,11.91,9.75,3.02,7871,96,3089,775
k4_5_z0_20_stop10,4.5,0.2,10.0,22644.97,32644.97,12.56,8.55,2.97,7118,87,2731,775
k4_5_z0_25_stop10,4.5,0.25,10.0,23111.3,33111.3,12.72,8.18,2.73,5779,73,2221,775
k4_5_z0_30_stop10,4.5,0.3,10.0,25624.22,35624.22,13.55,6.72,3.18,4282,60,1920,775
k4_5_z0_35_stop10,4.5,0.35,10.0,26430.23,36430.23,13.8,6.99,3.15,3791,55,1739,775
k4_5_z0_40_stop10,4.5,0.4,10.0,26694.19,36694.19,13.89,7.06,3.16,3601,52,1576,775
k5_0_z0_10_stop10,5.0,0.1,10.0,20553.59,30553.59,11.82,11.68,2.99,8914,110,3712,775
k5_0_z0_15_stop10,5.0,0.15,10.0,21697.06,31697.06,12.23,9.72,2.94,7281,96,3679,775
k5_0_z0_20_stop10,5.0,0.2,10.0,23564.13,33564.13,12.87,9.98,2.98,6538,87,3311,775
k5_0_z0_25_stop10,5.0,0.25,10.0,23540.57,33540.57,12.87,8.7,2.7,5202,73,2798,775
k5_0_z0_30_stop10,5.0,0.3,10.0,26628.88,36628.88,13.86,7.16,3.19,3870,60,2332,775
k5_0_z0_35_stop10,5.0,0.35,10.0,24725.2,34725.2,13.26,6.76,2.89,3477,55,2053,775
k5_0_z0_40_stop10,5.0,0.4,10.0,25670.49,35670.49,13.56,8.49,2.9,3364,52,1813,775
k1_0_z0_10_stop20,1.0,0.1,20.0,10915.5,20915.5,7.66,7.32,2.08,12965,113,20,169
k1_0_z0_15_stop20,1.0,0.15,20.0,11216.34,21216.34,7.81,7.62,2.12,11209,99,20,169
k1_0_z0_20_stop20,1.0,0.2,20.0,11811.42,21811.42,8.11,7.53,2.23,9740,87,19,169
k1_0_z0_25_stop20,1.0,0.25,20.0,12247.57,22247.57,8.33,7.2,2.31,8414,75,25,169
k1_0_z0_30_stop20,1.0,0.3,20.0,12734.05,22734.05,8.56,7.35,2.38,6948,65,21,169
k1_0_z0_35_stop20,1.0,0.35,20.0,13020.23,23020.23,8.7,7.03,2.43,5754,57,26,169
k1_0_z0_40_stop20,1.0,0.4,20.0,13201.54,23201.54,8.78,6.68,2.52,4687,51,20,169
k1_5_z0_10_stop20,1.5,0.1,20.0,11608.74,21608.74,8.01,7.6,2.36,12965,113,20,169
k1_5_z0_15_stop20,1.5,0.15,20.0,13032.25,23032.25,8.7,7.85,2.63,11208,99,21,169
k1_5_z0_20_stop20,1.5,0.2,20.0,13660.61,23660.61,9.0,7.75,2.7,9737,87,22,169
k1_5_z0_25_stop20,1.5,0.25,20.0,14364.77,24364.77,9.32,7.72,2.82,8416,75,23,169
k1_5_z0_30_stop20,1.5,0.3,20.0,15313.36,25313.36,9.73,7.11,2.92,6943,65,26,169
k1_5_z0_35_stop20,1.5,0.35,20.0,15667.32,25667.32,9.89,6.86,3.01,5754,57,26,169
k1_5_z0_40_stop20,1.5,0.4,20.0,15794.04,25794.04,9.94,6.46,3.19,4685,51,22,169
k2_0_z0_10_stop20,2.0,0.1,20.0,13681.01,23681.01,9.0,8.24,2.8,12935,113,50,169
k2_0_z0_15_stop20,2.0,0.15,20.0,13958.36,23958.36,9.13,8.35,2.76,11166,99,63,169
k2_0_z0_20_stop20,2.0,0.2,20.0,15441.25,25441.25,9.79,8.2,2.98,9682,87,77,169
k2_0_z0_25_stop20,2.0,0.25,20.0,16554.45,26554.45,10.26,7.35,3.12,8359,75,80,169
k2_0_z0_30_stop20,2.0,0.3,20.0,17361.33,27361.33,10.59,7.78,3.1,6912,65,57,169
k2_0_z0_35_stop20,2.0,0.35,20.0,18179.23,28179.23,10.92,7.26,3.32,5728,57,52,169
k2_0_z0_40_stop20,2.0,0.4,20.0,18059.79,28059.79,10.87,6.73,3.66,4655,51,52,169
k2_5_z0_10_stop20,2.5,0.1,20.0,14573.09,24573.09,9.41,9.42,2.85,12622,113,363,169
k2_5_z0_15_stop20,2.5,0.15,20.0,15840.6,25840.6,9.96,8.76,2.96,10789,99,440,169
k2_5_z0_20_stop20,2.5,0.2,20.0,16807.29,26807.29,10.36,8.27,3.06,9288,87,471,169
k2_5_z0_25_stop20,2.5,0.25,20.0,18095.92,28095.92,10.88,8.29,3.17,7983,75,456,169
k2_5_z0_30_stop20,2.5,0.3,20.0,19141.75,29141.75,11.29,9.16,3.07,6610,65,359,169
k2_5_z0_35_stop20,2.5,0.35,20.0,19780.44,29780.44,11.53,9.42,3.27,5477,57,303,169
k2_5_z0_40_stop20,2.5,0.4,20.0,20208.28,30208.28,11.69,8.55,3.71,4409,51,298,169
k3_0_z0_10_stop20,3.0,0.1,20.0,16377.85,26377.85,10.19,9.78,3.04,11944,113,1041,169
k3_0_z0_15_stop20,3.0,0.15,20.0,17063.6,27063.6,10.47,10.35,2.92,10154,99,1075,169
k3_0_z0_20_stop20,3.0,0.2,20.0,18449.55,28449.55,11.02,9.29,3.05,8685,87,1074,169
k3_0_z0_25_stop20,3.0,0.25,20.0,19586.93,29586.93,11.46,9.19,3.0,7514,75,925,169
k3_0_z0_30_stop20,3.0,0.3,20.0,21079.43,31079.43,12.01,8.72,3.02,6237,65,732,169
k3_0_z0_35_stop20,3.0,0.35,20.0,21560.41,31560.41,12.18,8.4,3.15,5042,57,738,169
k3_0_z0_40_stop20,3.0,0.4,20.0,21970.95,31970.95,12.33,7.8,3.59,4093,51,614,169
k3_5_z0_10_stop20,3.5,0.1,20.0,17305.45,27305.45,10.57,10.45,3.02,11165,113,1820,169
k3_5_z0_15_stop20,3.5,0.15,20.0,18513.98,28513.98,11.05,10.06,2.98,9335,99,1894,169
k3_5_z0_20_stop20,3.5,0.2,20.0,19059.06,29059.06,11.26,9.46,2.87,8051,87,1708,169
k3_5_z0_25_stop20,3.5,0.25,20.0,21406.66,31406.66,12.13,8.48,3.04,6894,75,1545,169
k3_5_z0_30_stop20,3.5,0.3,20.0,22690.58,32690.58,12.58,8.19,2.91,5748,65,1221,169
k3_5_z0_35_stop20,3.5,0.35,20.0,23511.74,33511.74,12.86,8.79,3.04,4709,57,1071,169
k3_5_z0_40_stop20,3.5,0.4,20.0,23722.69,33722.69,12.93,7.55,3.75,3706,51,1001,169
k4_0_z0_10_stop20,4.0,0.1,20.0,18223.67,28223.67,10.93,10.58,3.01,10284,113,2701,169
k4_0_z0_15_stop20,4.0,0.15,20.0,19671.43,29671.43,11.49,10.86,2.96,8588,99,2641,169
k4_0_z0_20_stop20,4.0,0.2,20.0,20538.26,30538.26,11.81,8.86,2.96,7260,87,2499,169
k4_0_z0_25_stop20,4.0,0.25,20.0,22149.08,32149.08,12.39,7.53,2.92,6196,75,2243,169
k4_0_z0_30_stop20,4.0,0.3,20.0,23315.22,33315.22,12.79,7.19,2.81,5152,65,1817,169
k4_0_z0_35_stop20,4.0,0.35,20.0,24223.26,34223.26,13.09,8.13,2.9,4377,57,1403,169
k4_0_z0_40_stop20,4.0,0.4,20.0,24449.27,34449.27,13.17,7.38,3.54,3430,51,1277,169
k4_5_z0_10_stop20,4.5,0.1,20.0,18413.67,28413.67,11.01,11.07,2.75,9496,113,3489,169
k4_5_z0_15_stop20,4.5,0.15,20.0,20370.53,30370.53,11.75,11.48,2.85,7943,99,3286,169
k4_5_z0_20_stop20,4.5,0.2,20.0,21626.84,31626.84,12.21,11.19,2.85,6790,87,2969,169
k4_5_z0_25_stop20,4.5,0.25,20.0,21831.5,31831.5,12.28,11.41,2.78,5633,75,2806,169
k4_5_z0_30_stop20,4.5,0.3,20.0,25211.19,35211.19,13.42,9.23,2.83,4847,65,2122,169
k4_5_z0_35_stop20,4.5,0.35,20.0,24955.07,34955.07,13.33,7.81,2.85,3983,57,1797,169
k4_5_z0_40_stop20,4.5,0.4,20.0,24925.82,34925.82,13.32,7.27,3.39,3112,51,1595,169
k5_0_z0_10_stop20,5.0,0.1,20.0,19760.71,29760.71,11.52,12.25,2.77,8890,113,4095,169
k5_0_z0_15_stop20,5.0,0.15,20.0,20991.93,30991.93,11.98,12.26,2.79,7303,99,3926,169
k5_0_z0_20_stop20,5.0,0.2,20.0,21827.27,31827.27,12.28,11.43,2.74,6287,87,3472,169
k5_0_z0_25_stop20,5.0,0.25,20.0,24003.26,34003.26,13.02,11.9,2.75,5267,75,3172,169
k5_0_z0_30_stop20,5.0,0.3,20.0,26243.07,36243.07,13.74,9.63,2.87,4438,65,2531,169
k5_0_z0_35_stop20,5.0,0.35,20.0,27056.05,37056.05,14.0,7.72,2.99,3635,57,2145,169
k5_0_z0_40_stop20,5.0,0.4,20.0,24676.48,34676.48,13.24,8.06,3.17,2770,51,1937,169
k1_0_z0_10_stop30,1.0,0.1,30.0,10935.29,20935.29,7.67,7.6,2.01,13087,114,25,57
k1_0_z0_15_stop30,1.0,0.15,30.0,11415.51,21415.51,7.91,7.69,2.09,10972,98,21,57
k1_0_z0_20_stop30,1.0,0.2,30.0,11996.26,21996.26,8.2,7.69,2.21,9662,87,23,57
k1_0_z0_25_stop30,1.0,0.25,30.0,11655.04,21655.04,8.03,7.47,2.14,8563,77,23,57
k1_0_z0_30_stop30,1.0,0.3,30.0,12855.88,22855.88,8.62,7.3,2.32,6899,66,24,57
k1_0_z0_35_stop30,1.0,0.35,30.0,13083.8,23083.8,8.73,7.36,2.35,6141,60,25,57
k1_0_z0_40_stop30,1.0,0.4,30.0,13326.63,23326.63,8.84,7.24,2.41,5374,55,29,57
k1_5_z0_10_stop30,1.5,0.1,30.0,11821.71,21821.71,8.12,7.28,2.3,13086,114,26,57
k1_5_z0_15_stop30,1.5,0.15,30.0,12746.98,22746.98,8.57,7.8,2.6,10968,98,25,57
k1_5_z0_20_stop30,1.5,0.2,30.0,13898.83,23898.83,9.1,8.03,2.61,9662,87,23,57
k1_5_z0_25_stop30,1.5,0.25,30.0,14563.92,24563.92,9.4,7.57,2.74,8559,77,27,57
k1_5_z0_30_stop30,1.5,0.3,30.0,15621.11,25621.11,9.87,7.69,2.83,6895,66,28,57
k1_5_z0_35_stop30,1.5,0.35,30.0,15826.29,25826.29,9.95,7.32,2.82,6139,60,27,57
k1_5_z0_40_stop30,1.5,0.4,30.0,16164.47,26164.47,10.1,7.28,2.9,5374,55,29,57
k2_0_z0_10_stop30,2.0,0.1,30.0,13966.17,23966.17,9.14,7.62,2.74,13061,114,51,57
k2_0_z0_15_stop30,2.0,0.15,30.0,15037.66,25037.66,9.61,8.08,2.81,10937,98,56,57
k2_0_z0_20_stop30,2.0,0.2,30.0,15758.94,25758.94,9.93,8.65,2.78,9614,87,71,57
k2_0_z0_25_stop30,2.0,0.25,30.0,16855.52,26855.52,10.38,7.95,3.03,8513,77,73,57
k2_0_z0_30_stop30,2.0,0.3,30.0,17613.75,27613.75,10.69,7.91,3.02,6870,66,53,57
k2_0_z0_35_stop30,2.0,0.35,30.0,18259.93,28259.93,10.95,8.01,3.07,6118,60,48,57
k2_0_z0_40_stop30,2.0,0.4,30.0,18785.94,28785.94,11.15,7.58,3.09,5357,55,46,57
k2_5_z0_10_stop30,2.5,0.1,30.0,14926.09,24926.09,9.56,9.04,2.66,12777,114,335,57
k2_5_z0_15_stop30,2.5,0.15,30.0,16398.08,26398.08,10.2,8.36,2.78,10588,98,405,57
k2_5_z0_20_stop30,2.5,0.2,30.0,17169.57,27169.57,10.51,8.54,2.84,9237,87,448,57
k2_5_z0_25_stop30,2.5,0.25,30.0,18310.07,28310.07,10.97,7.94,2.99,8146,77,440,57
k2_5_z0_30_stop30,2.5,0.3,30.0,19415.66,29415.66,11.39,8.24,2.94,6602,66,321,57
k2_5_z0_35_stop30,2.5,0.35,30.0,19980.22,29980.22,11.61,7.96,2.95,5880,60,286,57
k2_5_z0_40_stop30,2.5,0.4,30.0,20871.15,30871.15,11.93,7.87,3.02,5177,55,226,57
k3_0_z0_10_stop30,3.0,0.1,30.0,16647.62,26647.62,10.3,10.64,2.93,12121,114,991,57
k3_0_z0_15_stop30,3.0,0.15,30.0,17503.4,27503.4,10.65,10.88,2.81,9956,98,1037,57
k3_0_z0_20_stop30,3.0,0.2,30.0,18563.57,28563.57,11.07,10.25,2.78,8633,87,1052,57
k3_0_z0_25_stop30,3.0,0.25,30.0,20099.97,30099.97,11.65,7.93,3.18,7611,77,975,57
k3_0_z0_30_stop30,3.0,0.3,30.0,21573.07,31573.07,12.19,7.97,2.96,6205,66,718,57
k3_0_z0_35_stop30,3.0,0.35,30.0,22170.25,32170.25,12.4,7.78,2.96,5525,60,641,57
k3_0_z0_40_stop30,3.0,0.4,30.0,22611.89,32611.89,12.55,7.94,2.98,4800,55,603,57
k3_5_z0_10_stop30,3.5,0.1,30.0,17421.31,27421.31,10.62,10.4,2.84,11342,114,1770,57
k3_5_z0_15_stop30,3.5,0.15,30.0,18962.29,28962.29,11.22,9.35,2.9,9183,98,1810,57
k3_5_z0_20_stop30,3.5,0.2,30.0,20093.57,30093.57,11.65,9.19,2.86,8036,87,1649,57
k3_5_z0_25_stop30,3.5,0.25,30.0,21418.05,31418.05,12.13,7.75,3.08,7065,77,1521,57
k3_5_z0_30_stop30,3.5,0.3,30.0,23120.95,33120.95,12.72,7.52,2.95,5713,66,1210,57
k3_5_z0_35_stop30,3.5,0.35,30.0,23569.87,33569.87,12.88,7.23,2.92,5122,60,1044,57
k3_5_z0_40_stop30,3.5,0.4,30.0,24106.92,34106.92,13.06,6.39,3.08,4427,55,976,57
k4_0_z0_10_stop30,4.0,0.1,30.0,18860.13,28860.13,11.18,10.72,2.99,10489,114,2623,57
k4_0_z0_15_stop30,4.0,0.15,30.0,20240.97,30240.97,11.7,10.81,2.96,8439,98,2554,57
k4_0_z0_20_stop30,4.0,0.2,30.0,21449.89,31449.89,12.14,10.18,2.93,7393,87,2292,57
k4_0_z0_25_stop30,4.0,0.25,30.0,22996.3,32996.3,12.68,8.3,3.0,6480,77,2106,57
k4_0_z0_30_stop30,4.0,0.3,30.0,23295.98,33295.98,12.78,7.78,2.73,5210,66,1713,57
k4_0_z0_35_stop30,4.0,0.35,30.0,24689.9,34689.9,13.25,7.18,2.78,4708,60,1458,57
k4_0_z0_40_stop30,4.0,0.4,30.0,24124.74,34124.74,13.06,7.45,2.81,3992,55,1411,57
k4_5_z0_10_stop30,4.5,0.1,30.0,19414.17,29414.17,11.39,11.6,2.91,9699,114,3413,57
k4_5_z0_15_stop30,4.5,0.15,30.0,20755.03,30755.03,11.89,10.84,2.87,7737,98,3256,57
k4_5_z0_20_stop30,4.5,0.2,30.0,22083.03,32083.03,12.37,12.96,2.82,6777,87,2908,57
k4_5_z0_25_stop30,4.5,0.25,30.0,22935.56,32935.56,12.66,10.35,3.04,5791,77,2795,57
k4_5_z0_30_stop30,4.5,0.3,30.0,23392.47,33392.47,12.82,9.76,2.74,4752,66,2171,57
k4_5_z0_35_stop30,4.5,0.35,30.0,25682.58,35682.58,13.57,8.72,2.88,4327,60,1839,57
k4_5_z0_40_stop30,4.5,0.4,30.0,25072.15,35072.15,13.37,8.76,2.89,3629,55,1774,57
k5_0_z0_10_stop30,5.0,0.1,30.0,20660.63,30660.63,11.86,11.9,2.93,9014,114,4098,57
k5_0_z0_15_stop30,5.0,0.15,30.0,21876.24,31876.24,12.29,13.09,2.86,7330,98,3663,57
k5_0_z0_20_stop30,5.0,0.2,30.0,22558.86,32558.86,12.53,13.44,2.79,6264,87,3421,57
k5_0_z0_25_stop30,5.0,0.25,30.0,23755.76,33755.76,12.94,10.75,2.98,5458,77,3128,57
k5_0_z0_30_stop30,5.0,0.3,30.0,25568.16,35568.16,13.53,9.18,2.91,4496,66,2427,57
k5_0_z0_35_stop30,5.0,0.35,30.0,26672.86,36672.86,13.88,9.51,2.99,3812,60,2354,57
k5_0_z0_40_stop30,5.0,0.4,30.0,26197.81,36197.81,13.73,9.88,2.87,3299,55,2104,57
k1_0_z0_10_stop40,1.0,0.1,40.0,11083.13,21083.13,7.75,7.31,2.08,13142,115,20,28
k1_0_z0_15_stop40,1.0,0.15,40.0,11548.53,21548.53,7.98,7.34,2.2,10826,98,21,28
k1_0_z0_20_stop40,1.0,0.2,40.0,11853.92,21853.92,8.13,7.2,2.26,9598,87,20,28
k1_0_z0_25_stop40,1.0,0.25,40.0,12433.53,22433.53,8.42,7.19,2.38,8592,78,26,28
k1_0_z0_30_stop40,1.0,0.3,40.0,12867.25,22867.25,8.62,6.76,2.42,6724,66,23,28
k1_0_z0_35_stop40,1.0,0.35,40.0,13299.07,23299.07,8.83,6.86,2.5,6136,60,22,28
k1_0_z0_40_stop40,1.0,0.4,40.0,13501.23,23501.23,8.92,6.68,2.55,5529,56,29,28
k1_5_z0_10_stop40,1.5,0.1,40.0,11937.08,21937.08,8.17,7.25,2.4,13139,115,23,28
k1_5_z0_15_stop40,1.5,0.15,40.0,12854.97,22854.97,8.62,7.36,2.79,10823,98,24,28
k1_5_z0_20_stop40,1.5,0.2,40.0,13539.92,23539.92,8.94,7.3,2.98,9595,87,23,28
k1_5_z0_25_stop40,1.5,0.25,40.0,14847.1,24847.1,9.53,7.05,3.04,8593,78,25,28
k1_5_z0_30_stop40,1.5,0.3,40.0,15550.69,25550.69,9.84,6.77,3.04,6723,66,24,28
k1_5_z0_35_stop40,1.5,0.35,40.0,16045.38,26045.38,10.05,6.82,3.08,6132,60,26,28
k1_5_z0_40_stop40,1.5,0.4,40.0,15578.07,25578.07,9.85,6.57,3.05,5532,56,26,28
k2_0_z0_10_stop40,2.0,0.1,40.0,13989.24,23989.24,9.15,7.5,2.9,13118,115,44,28
k2_0_z0_15_stop40,2.0,0.15,40.0,15086.15,25086.15,9.63,7.67,3.01,10790,98,57,28
k2_0_z0_20_stop40,2.0,0.2,40.0,16004.15,26004.15,10.03,7.55,3.18,9541,87,77,28
k2_0_z0_25_stop40,2.0,0.25,40.0,16838.78,26838.78,10.38,7.13,3.32,8549,78,69,28
k2_0_z0_30_stop40,2.0,0.3,40.0,17846.28,27846.28,10.79,6.99,3.45,6697,66,50,28
k2_0_z0_35_stop40,2.0,0.35,40.0,18634.33,28634.33,11.1,7.42,3.46,6113,60,45,28
k2_0_z0_40_stop40,2.0,0.4,40.0,19308.58,29308.58,11.35,7.26,3.5,5516,56,42,28
k2_5_z0_10_stop40,2.5,0.1,40.0,14988.84,24988.84,9.59,8.86,2.91,12839,115,323,28
k2_5_z0_15_stop40,2.5,0.15,40.0,16560.22,26560.22,10.26,7.94,3.08,10435,98,412,28
k2_5_z0_20_stop40,2.5,0.2,40.0,17677.95,27677.95,10.72,8.04,3.28,9156,87,462,28
k2_5_z0_25_stop40,2.5,0.25,40.0,18440.87,28440.87,11.02,8.06,3.35,8185,78,433,28
k2_5_z0_30_stop40,2.5,0.3,40.0,19602.13,29602.13,11.47,7.06,3.4,6428,66,319,28
k2_5_z0_35_stop40,2.5,0.35,40.0,20682.67,30682.67,11.87,7.76,3.38,5872,60,286,28
k2_5_z0_40_stop40,2.5,0.4,40.0,21167.34,31167.34,12.04,7.73,3.38,5306,56,252,28
k3_0_z0_10_stop40,3.0,0.1,40.0,16618.33,26618.33,10.29,9.51,3.12,12200,115,962,28
k3_0_z0_15_stop40,3.0,0.15,40.0,17850.43,27850.43,10.79,8.77,3.14,9817,98,1030,28
k3_0_z0_20_stop40,3.0,0.2,40.0,18853.71,28853.71,11.18,9.12,3.28,8550,87,1068,28
k3_0_z0_25_stop40,3.0,0.25,40.0,20295.35,30295.35,11.72,9.4,3.38,7721,78,897,28
k3_0_z0_30_stop40,3.0,0.3,40.0,21989.84,31989.84,12.33,7.52,3.33,6046,66,701,28
k3_0_z0_35_stop40,3.0,0.35,40.0,22683.11,32683.11,12.57,7.72,3.4,5516,60,642,28
k3_0_z0_40_stop40,3.0,0.4,40.0,23402.45,33402.45,12.82,7.88,3.3,4958,56,600,28
k3_5_z0_10_stop40,3.5,0.1,40.0,17803.6,27803.6,10.77,10.47,3.23,11409,115,1753,28
k3_5_z0_15_stop40,3.5,0.15,40.0,19123.44,29123.44,11.28,9.55,3.35,9047,98,1800,28
k3_5_z0_20_stop40,3.5,0.2,40.0,20044.24,30044.24,11.63,8.26,3.37,7834,87,1784,28
k3_5_z0_25_stop40,3.5,0.25,40.0,21369.27,31369.27,12.11,8.74,3.45,6995,78,1623,28
k3_5_z0_30_stop40,3.5,0.3,40.0,22690.2,32690.2,12.58,7.4,3.44,5497,66,1250,28
k3_5_z0_35_stop40,3.5,0.35,40.0,24140.96,34140.96,13.07,7.74,3.45,5113,60,1045,28
k3_5_z0_40_stop40,3.5,0.4,40.0,24889.68,34889.68,13.31,6.56,3.53,4548,56,1010,28
k4_0_z0_10_stop40,4.0,0.1,40.0,18887.23,28887.23,11.19,10.94,3.34,10554,115,2608,28
k4_0_z0_15_stop40,4.0,0.15,40.0,19920.5,29920.5,11.58,10.22,3.14,8299,98,2548,28
k4_0_z0_20_stop40,4.0,0.2,40.0,21474.44,31474.44,12.15,8.45,3.37,7133,87,2485,28
k4_0_z0_25_stop40,4.0,0.25,40.0,22412.69,32412.69,12.48,9.87,3.37,6423,78,2195,28
k4_0_z0_30_stop40,4.0,0.3,40.0,23621.17,33621.17,12.89,7.46,3.34,5058,66,1689,28
k4_0_z0_35_stop40,4.0,0.35,40.0,24985.81,34985.81,13.34,7.92,3.17,4693,60,1465,28
k4_0_z0_40_stop40,4.0,0.4,40.0,26383.13,36383.13,13.79,7.07,3.5,4173,56,1385,28
k4_5_z0_10_stop40,4.5,0.1,40.0,19579.48,29579.48,11.46,11.12,3.24,9794,115,3368,28
k4_5_z0_15_stop40,4.5,0.15,40.0,21322.23,31322.23,12.1,9.94,3.38,7588,98,3259,28
k4_5_z0_20_stop40,4.5,0.2,40.0,22319.74,32319.74,12.45,11.4,3.24,6686,87,2932,28
k4_5_z0_25_stop40,4.5,0.25,40.0,23044.94,33044.94,12.7,9.46,3.48,5812,78,2806,28
k4_5_z0_30_stop40,4.5,0.3,40.0,24704.89,34704.89,13.25,8.28,3.32,4728,66,2019,28
k4_5_z0_35_stop40,4.5,0.35,40.0,26486.0,36486.0,13.82,8.63,3.17,4312,60,1846,28
k4_5_z0_40_stop40,4.5,0.4,40.0,26992.69,36992.69,13.98,8.54,3.19,3873,56,1685,28
k5_0_z0_10_stop40,5.0,0.1,40.0,20912.93,30912.93,11.95,11.63,3.32,9046,115,4116,28
k5_0_z0_15_stop40,5.0,0.15,40.0,21990.81,31990.81,12.33,10.45,3.36,7034,98,3813,28
k5_0_z0_20_stop40,5.0,0.2,40.0,23331.7,33331.7,12.8,11.05,3.32,6166,87,3452,28
k5_0_z0_25_stop40,5.0,0.25,40.0,23394.33,33394.33,12.82,9.82,3.1,5255,78,3363,28
k5_0_z0_30_stop40,5.0,0.3,40.0,26326.97,36326.97,13.77,9.85,3.04,4338,66,2409,28
k5_0_z0_35_stop40,5.0,0.35,40.0,27275.83,37275.83,14.06,9.53,3.16,3791,60,2367,28
k5_0_z0_40_stop40,5.0,0.4,40.0,28228.12,38228.12,14.35,8.75,3.26,3560,56,1998,28
k1_0_z0_10_stop50,1.0,0.1,50.0,11017.33,21017.33,7.71,6.14,2.12,13509,118,23,10
k1_0_z0_15_stop50,1.0,0.15,50.0,11637.45,21637.45,8.03,6.06,2.25,10917,99,22,10
k1_0_z0_20_stop50,1.0,0.2,50.0,12162.91,22162.91,8.28,6.11,2.35,9689,88,22,10
k1_0_z0_25_stop50,1.0,0.25,50.0,12380.32,22380.32,8.39,5.68,2.4,8691,79,20,10
k1_0_z0_30_stop50,1.0,0.3,50.0,13074.08,23074.08,8.72,5.55,2.52,7025,68,23,10
k1_0_z0_35_stop50,1.0,0.35,50.0,13500.59,23500.59,8.92,5.45,2.6,6434,62,25,10
k1_0_z0_40_stop50,1.0,0.4,50.0,13717.68,23717.68,9.02,5.2,2.64,5580,56,31,10
k1_5_z0_10_stop50,1.5,0.1,50.0,11562.2,21562.2,7.99,5.52,2.67,13514,118,18,10
k1_5_z0_15_stop50,1.5,0.15,50.0,12517.53,22517.53,8.46,5.29,2.83,10920,99,19,10
k1_5_z0_20_stop50,1.5,0.2,50.0,13636.22,23636.22,8.98,5.55,3.04,9688,88,23,10
k1_5_z0_25_stop50,1.5,0.25,50.0,14952.35,24952.35,9.58,5.25,3.11,8683,79,28,10
k1_5_z0_30_stop50,1.5,0.3,50.0,15822.09,25822.09,9.95,5.24,3.2,7024,68,24,10
k1_5_z0_35_stop50,1.5,0.35,50.0,16352.58,26352.58,10.18,5.22,3.29,6435,62,24,10
k1_5_z0_40_stop50,1.5,0.4,50.0,15999.72,25999.72,10.03,4.57,3.26,5584,56,27,10
k2_0_z0_10_stop50,2.0,0.1,50.0,14120.24,24120.24,9.21,7.01,3.04,13484,118,48,10
k2_0_z0_15_stop50,2.0,0.15,50.0,15180.27,25180.27,9.68,6.05,3.18,10884,99,55,10
k2_0_z0_20_stop50,2.0,0.2,50.0,16313.29,26313.29,10.16,5.73,3.33,9644,88,67,10
k2_0_z0_25_stop50,2.0,0.25,50.0,17110.94,27110.94,10.49,5.7,3.45,8651,79,60,10
k2_0_z0_30_stop50,2.0,0.3,50.0,17556.37,27556.37,10.67,5.57,3.47,7002,68,46,10
k2_0_z0_35_stop50,2.0,0.35,50.0,19251.57,29251.57,11.33,5.57,3.65,6412,62,47,10
k2_0_z0_40_stop50,2.0,0.4,50.0,19734.28,29734.28,11.51,4.96,3.7,5567,56,44,10
k2_5_z0_10_stop50,2.5,0.1,50.0,15197.67,25197.67,9.68,8.82,3.13,13214,118,318,10
k2_5_z0_15_stop50,2.5,0.15,50.0,16029.32,26029.32,10.04,7.66,3.19,10534,99,405,10
k2_5_z0_20_stop50,2.5,0.2,50.0,17796.58,27796.58,10.77,7.13,3.38,9259,88,452,10
k2_5_z0_25_stop50,2.5,0.25,50.0,18572.74,28572.74,11.07,7.13,3.42,8290,79,421,10
k2_5_z0_30_stop50,2.5,0.3,50.0,19912.46,29912.46,11.58,6.19,3.48,6735,68,313,10
k2_5_z0_35_stop50,2.5,0.35,50.0,21085.72,31085.72,12.01,6.31,3.54,6181,62,278,10
k2_5_z0_40_stop50,2.5,0.4,50.0,21617.92,31617.92,12.2,6.06,3.54,5351,56,260,10
k3_0_z0_10_stop50,3.0,0.1,50.0,16574.58,26574.58,10.27,10.67,3.18,12577,118,955,10
k3_0_z0_15_stop50,3.0,0.15,50.0,18018.56,28018.56,10.85,9.47,3.23,9911,99,1028,10
k3_0_z0_20_stop50,3.0,0.2,50.0,19429.87,29429.87,11.4,8.76,3.34,8735,88,976,10
k3_0_z0_25_stop50,3.0,0.25,50.0,20487.37,30487.37,11.79,8.68,3.39,7823,79,888,10
k3_0_z0_30_stop50,3.0,0.3,50.0,22153.72,32153.72,12.39,6.08,3.43,6344,68,704,10
k3_0_z0_35_stop50,3.0,0.35,50.0,23058.11,33058.11,12.7,6.51,3.38,5800,62,659,10
k3_0_z0_40_stop50,3.0,0.4,50.0,23772.71,33772.71,12.94,6.25,3.38,4994,56,617,10
k3_5_z0_10_stop50,3.5,0.1,50.0,17793.58,27793.58,10.76,10.99,3.19,11764,118,1768,10
k3_5_z0_15_stop50,3.5,0.15,50.0,19683.17,29683.17,11.5,9.73,3.28,9123,99,1816,10
k3_5_z0_20_stop50,3.5,0.2,50.0,20718.54,30718.54,11.88,9.54,3.24,8006,88,1705,10
k3_5_z0_25_stop50,3.5,0.25,50.0,21948.76,31948.76,12.32,8.26,3.33,7211,79,1500,10
k3_5_z0_30_stop50,3.5,0.3,50.0,23254.1,33254.1,12.77,6.08,3.17,5874,68,1174,10
k3_5_z0_35_stop50,3.5,0.35,50.0,24521.94,34521.94,13.19,6.53,3.14,5387,62,1072,10
k3_5_z0_40_stop50,3.5,0.4,50.0,24826.97,34826.97,13.29,6.86,3.07,4594,56,1017,10
k4_0_z0_10_stop50,4.0,0.1,50.0,18787.93,28787.93,11.15,11.65,3.2,10919,118,2613,10
k4_0_z0_15_stop50,4.0,0.15,50.0,20525.73,30525.73,11.81,9.34,3.26,8389,99,2550,10
k4_0_z0_20_stop50,4.0,0.2,50.0,21634.98,31634.98,12.21,9.43,3.17,7374,88,2337,10
k4_0_z0_25_stop50,4.0,0.25,50.0,22805.58,32805.58,12.62,9.95,3.17,6535,79,2176,10
k4_0_z0_30_stop50,4.0,0.3,50.0,23566.01,33566.01,12.87,8.31,3.02,5322,68,1726,10
k4_0_z0_35_stop50,4.0,0.35,50.0,24555.66,34555.66,13.2,7.7,2.89,4859,62,1600,10
k4_0_z0_40_stop50,4.0,0.4,50.0,26642.23,36642.23,13.87,7.44,3.14,4204,56,1407,10
k4_5_z0_10_stop50,4.5,0.1,50.0,19783.87,29783.87,11.53,11.7,3.17,10125,118,3407,10
k4_5_z0_15_stop50,4.5,0.15,50.0,21327.76,31327.76,12.1,10.53,3.24,7686,99,3253,10
k4_5_z0_20_stop50,4.5,0.2,50.0,22399.6,32399.6,12.48,11.17,3.22,6666,88,3045,10
k4_5_z0_25_stop50,4.5,0.25,50.0,23304.65,33304.65,12.79,11.12,3.18,6057,79,2654,10
k4_5_z0_30_stop50,4.5,0.3,50.0,25831.89,35831.89,13.61,8.93,3.11,4845,68,2203,10
k4_5_z0_35_stop50,4.5,0.35,50.0,26016.06,36016.06,13.67,9.67,2.94,4482,62,1977,10
k4_5_z0_40_stop50,4.5,0.4,50.0,27762.41,37762.41,14.21,9.25,3.05,3867,56,1744,10
k5_0_z0_10_stop50,5.0,0.1,50.0,20574.01,30574.01,11.83,12.72,3.11,9413,118,4119,10
k5_0_z0_15_stop50,5.0,0.15,50.0,22686.14,32686.14,12.58,10.61,3.29,7119,99,3820,10
k5_0_z0_20_stop50,5.0,0.2,50.0,23688.97,33688.97,12.92,10.98,3.18,6256,88,3455,10
k5_0_z0_25_stop50,5.0,0.25,50.0,23771.56,33771.56,12.94,10.31,2.98,5357,79,3354,10
k5_0_z0_30_stop50,5.0,0.3,50.0,26736.1,36736.1,13.9,8.9,2.97,4591,68,2457,10
k5_0_z0_35_stop50,5.0,0.35,50.0,28083.63,38083.63,14.31,9.85,2.91,4179,62,2280,10
k5_0_z0_40_stop50,5.0,0.4,50.0,28354.51,38354.51,14.39,9.96,2.88,3601,56,2010,10
k1_0_z0_10_stop60,1.0,0.1,60.0,11105.93,21105.93,7.76,5.89,2.14,13258,115,20,2
k1_0_z0_15_stop60,1.0,0.15,60.0,11735.97,21735.97,8.07,5.77,2.29,10839,97,22,2
k1_0_z0_20_stop60,1.0,0.2,60.0,12128.22,22128.22,8.27,5.81,2.37,9608,86,25,2
k1_0_z0_25_stop60,1.0,0.25,60.0,12547.57,22547.57,8.47,5.5,2.47,8610,77,23,2
k1_0_z0_30_stop60,1.0,0.3,60.0,13089.83,23089.83,8.73,5.21,2.56,6941,66,29,2
k1_0_z0_35_stop60,1.0,0.35,60.0,13611.13,23611.13,8.97,5.02,2.67,6352,60,29,2
k1_0_z0_40_stop60,1.0,0.4,60.0,13806.91,23806.91,9.06,4.62,2.72,5542,55,31,2
k1_5_z0_10_stop60,1.5,0.1,60.0,12099.77,22099.77,8.25,5.47,2.57,13255,115,23,2
k1_5_z0_15_stop60,1.5,0.15,60.0,12942.13,22942.13,8.66,5.19,3.0,10834,97,27,2
k1_5_z0_20_stop60,1.5,0.2,60.0,13846.69,23846.69,9.08,5.1,3.18,9607,86,26,2
k1_5_z0_25_stop60,1.5,0.25,60.0,15034.31,25034.31,9.61,4.83,3.21,8608,77,25,2
k1_5_z0_30_stop60,1.5,0.3,60.0,16045.62,26045.62,10.05,4.74,3.38,6946,66,24,2
k1_5_z0_35_stop60,1.5,0.35,60.0,16164.02,26164.02,10.1,4.51,3.4,6354,60,27,2
k1_5_z0_40_stop60,1.5,0.4,60.0,16315.51,26315.51,10.16,4.06,3.41,5542,55,31,2
k2_0_z0_10_stop60,2.0,0.1,60.0,14105.67,24105.67,9.2,7.02,3.1,13232,115,46,2
k2_0_z0_15_stop60,2.0,0.15,60.0,15458.36,25458.36,9.8,6.1,3.34,10798,97,63,2
k2_0_z0_20_stop60,2.0,0.2,60.0,16414.32,26414.32,10.2,5.81,3.49,9552,86,81,2
k2_0_z0_25_stop60,2.0,0.25,60.0,17163.56,27163.56,10.51,5.39,3.6,8560,77,73,2
k2_0_z0_30_stop60,2.0,0.3,60.0,18307.39,28307.39,10.97,5.43,3.85,6912,66,58,2
k2_0_z0_35_stop60,2.0,0.35,60.0,19113.82,29113.82,11.28,5.57,3.93,6331,60,50,2
k2_0_z0_40_stop60,2.0,0.4,60.0,19829.98,29829.98,11.55,4.84,3.94,5526,55,47,2
k2_5_z0_10_stop60,2.5,0.1,60.0,15390.38,25390.38,9.77,8.57,3.29,12925,115,353,2
k2_5_z0_15_stop60,2.5,0.15,60.0,16792.37,26792.37,10.36,7.92,3.48,10420,97,441,2
k2_5_z0_20_stop60,2.5,0.2,60.0,17903.65,27903.65,10.81,7.79,3.65,9144,86,489,2
k2_5_z0_25_stop60,2.5,0.25,60.0,18842.59,28842.59,11.18,7.52,3.73,8172,77,461,2
k2_5_z0_30_stop60,2.5,0.3,60.0,20288.67,30288.67,11.72,6.54,3.81,6625,66,345,2
k2_5_z0_35_stop60,2.5,0.35,60.0,21013.05,31013.05,11.99,7.05,3.79,6061,60,320,2
k2_5_z0_40_stop60,2.5,0.4,60.0,21856.87,31856.87,12.29,6.85,3.83,5283,55,290,2
k3_0_z0_10_stop60,3.0,0.1,60.0,16620.01,26620.01,10.29,9.9,3.41,12271,115,1007,2
k3_0_z0_15_stop60,3.0,0.15,60.0,18072.19,28072.19,10.88,9.13,3.51,9777,97,1084,2
k3_0_z0_20_stop60,3.0,0.2,60.0,19222.82,29222.82,11.32,8.94,3.57,8529,86,1104,2
k3_0_z0_25_stop60,3.0,0.25,60.0,20438.82,30438.82,11.78,8.35,3.64,7689,77,944,2
k3_0_z0_30_stop60,3.0,0.3,60.0,21841.6,31841.6,12.28,6.97,3.7,6147,66,823,2
k3_0_z0_35_stop60,3.0,0.35,60.0,23294.8,33294.8,12.78,6.44,3.77,5666,60,715,2
k3_0_z0_40_stop60,3.0,0.4,60.0,23537.69,33537.69,12.87,6.51,3.61,4947,55,626,2
k3_5_z0_10_stop60,3.5,0.1,60.0,18036.11,28036.11,10.86,10.12,3.39,11478,115,1800,2
k3_5_z0_15_stop60,3.5,0.15,60.0,19235.06,29235.06,11.33,9.65,3.49,9026,97,1835,2
k3_5_z0_20_stop60,3.5,0.2,60.0,20558.48,30558.48,11.82,8.66,3.66,7806,86,1827,2
k3_5_z0_25_stop60,3.5,0.25,60.0,22236.87,32236.87,12.42,7.94,3.75,7070,77,1563,2
k3_5_z0_30_stop60,3.5,0.3,60.0,23847.99,33847.99,12.97,5.66,3.62,5729,66,1241,2
k3_5_z0_35_stop60,3.5,0.35,60.0,24936.74,34936.74,13.33,5.83,3.59,5220,60,1161,2
k3_5_z0_40_stop60,3.5,0.4,60.0,24899.55,34899.55,13.32,6.57,3.39,4548,55,1025,2
k4_0_z0_10_stop60,4.0,0.1,60.0,18876.0,28876.0,11.19,11.23,3.43,10598,115,2680,2
k4_0_z0_15_stop60,4.0,0.15,60.0,20775.98,30775.98,11.9,9.64,3.57,8347,97,2514,2
k4_0_z0_20_stop60,4.0,0.2,60.0,22336.22,32336.22,12.45,9.01,3.71,7238,86,2395,2
k4_0_z0_25_stop60,4.0,0.25,60.0,22389.65,32389.65,12.47,11.23,3.61,6383,77,2250,2
k4_0_z0_30_stop60,4.0,0.3,60.0,24037.19,34037.19,13.03,7.46,3.37,5257,66,1713,2
k4_0_z0_35_stop60,4.0,0.35,60.0,25517.14,35517.14,13.51,8.01,3.46,4719,60,1662,2
k4_0_z0_40_stop60,4.0,0.4,60.0,27004.21,37004.21,13.98,7.88,3.45,4195,55,1378,2
k4_5_z0_10_stop60,4.5,0.1,60.0,19944.37,29944.37,11.59,11.37,3.42,9814,115,3464,2
k4_5_z0_15_stop60,4.5,0.15,60.0,21569.06,31569.06,12.18,10.77,3.55,7605,97,3256,2
k4_5_z0_20_stop60,4.5,0.2,60.0,22155.52,32155.52,12.39,11.6,3.66,6525,86,3108,2
k4_5_z0_25_stop60,4.5,0.25,60.0,23555.67,33555.67,12.87,10.98,3.55,5932,77,2701,2
k4_5_z0_30_stop60,4.5,0.3,60.0,24722.87,34722.87,13.26,9.97,3.26,4881,66,2089,2
k4_5_z0_35_stop60,4.5,0.35,60.0,26662.92,36662.92,13.88,9.49,3.34,4476,60,1905,2
k4_5_z0_40_stop60,4.5,0.4,60.0,28154.15,38154.15,14.33,9.26,3.41,3737,55,1836,2
k5_0_z0_10_stop60,5.0,0.1,60.0,21278.91,31278.91,12.08,11.9,3.52,9045,115,4233,2
k5_0_z0_15_stop60,5.0,0.15,60.0,22490.96,32490.96,12.51,11.23,3.59,7018,97,3843,2
k5_0_z0_20_stop60,5.0,0.2,60.0,23229.49,33229.49,12.76,12.25,3.53,6101,86,3532,2
k5_0_z0_25_stop60,5.0,0.25,60.0,24377.21,34377.21,13.14,11.99,3.52,5428,77,3205,2
k5_0_z0_30_stop60,5.0,0.3,60.0,25238.14,35238.14,13.43,10.03,3.13,4314,66,2656,2
k5_0_z0_35_stop60,5.0,0.35,60.0,28011.7,38011.7,14.29,8.58,3.31,4104,60,2277,2
k5_0_z0_40_stop60,5.0,0.4,60.0,28048.02,38048.02,14.3,10.42,3.2,3492,55,2081,2
k1_0_z0_10_stop70,1.0,0.1,70.0,11105.93,21105.93,7.76,5.89,2.14,13258,115,20,0
k1_0_z0_15_stop70,1.0,0.15,70.0,11735.97,21735.97,8.07,5.77,2.29,10839,97,22,0
k1_0_z0_20_stop70,1.0,0.2,70.0,12128.22,22128.22,8.27,5.81,2.37,9608,86,25,0
k1_0_z0_25_stop70,1.0,0.25,70.0,12547.57,22547.57,8.47,5.5,2.47,8610,77,23,0
k1_0_z0_30_stop70,1.0,0.3,70.0,13089.83,23089.83,8.73,5.21,2.56,6941,66,29,0
k1_0_z0_35_stop70,1.0,0.35,70.0,13611.13,23611.13,8.97,5.02,2.67,6352,60,29,0
k1_0_z0_40_stop70,1.0,0.4,70.0,13806.91,23806.91,9.06,4.62,2.72,5542,55,31,0
k1_5_z0_10_stop70,1.5,0.1,70.0,12099.77,22099.77,8.25,5.47,2.57,13255,115,23,0
k1_5_z0_15_stop70,1.5,0.15,70.0,12942.13,22942.13,8.66,5.19,3.0,10834,97,27,0
k1_5_z0_20_stop70,1.5,0.2,70.0,13846.69,23846.69,9.08,5.1,3.18,9607,86,26,0
k1_5_z0_25_stop70,1.5,0.25,70.0,15034.31,25034.31,9.61,4.83,3.21,8608,77,25,0
k1_5_z0_30_stop70,1.5,0.3,70.0,16045.62,26045.62,10.05,4.74,3.38,6946,66,24,0
k1_5_z0_35_stop70,1.5,0.35,70.0,16164.02,26164.02,10.1,4.51,3.4,6354,60,27,0
k1_5_z0_40_stop70,1.5,0.4,70.0,16315.51,26315.51,10.16,4.06,3.41,5542,55,31,0
k2_0_z0_10_stop70,2.0,0.1,70.0,14105.67,24105.67,9.2,7.02,3.1,13232,115,46,0
k2_0_z0_15_stop70,2.0,0.15,70.0,15458.36,25458.36,9.8,6.1,3.34,10798,97,63,0
k2_0_z0_20_stop70,2.0,0.2,70.0,16414.32,26414.32,10.2,5.81,3.49,9552,86,81,0
k2_0_z0_25_stop70,2.0,0.25,70.0,17163.56,27163.56,10.51,5.39,3.6,8560,77,73,0
k2_0_z0_30_stop70,2.0,0.3,70.0,18307.39,28307.39,10.97,5.43,3.85,6912,66,58,0
k2_0_z0_35_stop70,2.0,0.35,70.0,19113.82,29113.82,11.28,5.57,3.93,6331,60,50,0
k2_0_z0_40_stop70,2.0,0.4,70.0,19829.98,29829.98,11.55,4.84,3.94,5526,55,47,0
k2_5_z0_10_stop70,2.5,0.1,70.0,15390.38,25390.38,9.77,8.57,3.29,12925,115,353,0
k2_5_z0_15_stop70,2.5,0.15,70.0,16792.37,26792.37,10.36,7.92,3.48,10420,97,441,0
k2_5_z0_20_stop70,2.5,0.2,70.0,17903.65,27903.65,10.81,7.79,3.65,9144,86,489,0
k2_5_z0_25_stop70,2.5,0.25,70.0,18842.59,28842.59,11.18,7.52,3.73,8172,77,461,0
k2_5_z0_30_stop70,2.5,0.3,70.0,20288.67,30288.67,11.72,6.54,3.81,6625,66,345,0
k2_5_z0_35_stop70,2.5,0.35,70.0,21013.05,31013.05,11.99,7.05,3.79,6061,60,320,0
k2_5_z0_40_stop70,2.5,0.4,70.0,21856.87,31856.87,12.29,6.85,3.83,5283,55,290,0
k3_0_z0_10_stop70,3.0,0.1,70.0,16620.01,26620.01,10.29,9.9,3.41,12271,115,1007,0
k3_0_z0_15_stop70,3.0,0.15,70.0,18072.19,28072.19,10.88,9.13,3.51,9777,97,1084,0
k3_0_z0_20_stop70,3.0,0.2,70.0,19222.82,29222.82,11.32,8.94,3.57,8529,86,1104,0
k3_0_z0_25_stop70,3.0,0.25,70.0,20438.82,30438.82,11.78,8.35,3.64,7689,77,944,0
k3_0_z0_30_stop70,3.0,0.3,70.0,21841.6,31841.6,12.28,6.97,3.7,6147,66,823,0
k3_0_z0_35_stop70,3.0,0.35,70.0,23294.8,33294.8,12.78,6.44,3.77,5666,60,715,0
k3_0_z0_40_stop70,3.0,0.4,70.0,23537.69,33537.69,12.87,6.51,3.61,4947,55,626,0
k3_5_z0_10_stop70,3.5,0.1,70.0,18036.11,28036.11,10.86,10.12,3.39,11478,115,1800,0
k3_5_z0_15_stop70,3.5,0.15,70.0,19235.06,29235.06,11.33,9.65,3.49,9026,97,1835,0
k3_5_z0_20_stop70,3.5,0.2,70.0,20558.48,30558.48,11.82,8.66,3.66,7806,86,1827,0
k3_5_z0_25_stop70,3.5,0.25,70.0,22236.87,32236.87,12.42,7.94,3.75,7070,77,1563,0
k3_5_z0_30_stop70,3.5,0.3,70.0,23847.99,33847.99,12.97,5.66,3.62,5729,66,1241,0
k3_5_z0_35_stop70,3.5,0.35,70.0,24936.74,34936.74,13.33,5.83,3.59,5220,60,1161,0
k3_5_z0_40_stop70,3.5,0.4,70.0,24899.55,34899.55,13.32,6.57,3.39,4548,55,1025,0
k4_0_z0_10_stop70,4.0,0.1,70.0,18876.0,28876.0,11.19,11.23,3.43,10598,115,2680,0
k4_0_z0_15_stop70,4.0,0.15,70.0,20775.98,30775.98,11.9,9.64,3.57,8347,97,2514,0
k4_0_z0_20_stop70,4.0,0.2,70.0,22336.22,32336.22,12.45,9.01,3.71,7238,86,2395,0
k4_0_z0_25_stop70,4.0,0.25,70.0,22389.65,32389.65,12.47,11.23,3.61,6383,77,2250,0
k4_0_z0_30_stop70,4.0,0.3,70.0,24037.19,34037.19,13.03,7.46,3.37,5257,66,1713,0
k4_0_z0_35_stop70,4.0,0.35,70.0,25517.14,35517.14,13.51,8.01,3.46,4719,60,1662,0
k4_0_z0_40_stop70,4.0,0.4,70.0,27004.21,37004.21,13.98,7.88,3.45,4195,55,1378,0
k4_5_z0_10_stop70,4.5,0.1,70.0,19944.37,29944.37,11.59,11.37,3.42,9814,115,3464,0
k4_5_z0_15_stop70,4.5,0.15,70.0,21569.06,31569.06,12.18,10.77,3.55,7605,97,3256,0
k4_5_z0_20_stop70,4.5,0.2,70.0,22155.52,32155.52,12.39,11.6,3.66,6525,86,3108,0
k4_5_z0_25_stop70,4.5,0.25,70.0,23555.67,33555.67,12.87,10.98,3.55,5932,77,2701,0
k4_5_z0_30_stop70,4.5,0.3,70.0,24722.87,34722.87,13.26,9.97,3.26,4881,66,2089,0
k4_5_z0_35_stop70,4.5,0.35,70.0,26662.92,36662.92,13.88,9.49,3.34,4476,60,1905,0
k4_5_z0_40_stop70,4.5,0.4,70.0,28154.15,38154.15,14.33,9.26,3.41,3737,55,1836,0
k5_0_z0_10_stop70,5.0,0.1,70.0,21278.91,31278.91,12.08,11.9,3.52,9045,115,4233,0
k5_0_z0_15_stop70,5.0,0.15,70.0,22490.96,32490.96,12.51,11.23,3.59,7018,97,3843,0
k5_0_z0_20_stop70,5.0,0.2,70.0,23229.49,33229.49,12.76,12.25,3.53,6101,86,3532,0
k5_0_z0_25_stop70,5.0,0.25,70.0,24377.21,34377.21,13.14,11.99,3.52,5428,77,3205,0
k5_0_z0_30_stop70,5.0,0.3,70.0,25238.14,35238.14,13.43,10.03,3.13,4314,66,2656,0
k5_0_z0_35_stop70,5.0,0.35,70.0,28011.7,38011.7,14.29,8.58,3.31,4104,60,2277,0
k5_0_z0_40_stop70,5.0,0.4,70.0,28048.02,38048.02,14.3,10.42,3.2,3492,55,2081,0
